{"cameraMode":{"drawMode":0,"name":"Shaded","section":"Shading Mode"},"sceneLighting":false,"audioPlay":false,"sceneViewState":{"showFog":true,"showMaterialUpdate":false,"showSkybox":false,"showFlares":true,"showImageEffects":true,"showParticleSystems":true},"in2DMode":false,"pivot":{"x":47.96312713623047,"y":1.8206855058670045,"z":43.26765060424805},"rotation":{"x":0.10588953644037247,"y":-0.7676786184310913,"z":0.12986280024051667,"w":0.6189709901809692},"size":11.879925727844239,"orthographic":false}