{"cameraMode":{"drawMode":0,"name":"Shaded","section":"Shading Mode"},"sceneLighting":false,"audioPlay":false,"sceneViewState":{"showFog":true,"showMaterialUpdate":false,"showSkybox":false,"showFlares":true,"showImageEffects":true,"showParticleSystems":true},"in2DMode":false,"pivot":{"x":0.7908025979995728,"y":1.520878791809082,"z":-0.006365351378917694},"rotation":{"x":0.05843688175082207,"y":-0.9320760369300842,"z":0.1727064698934555,"w":0.3137398064136505},"size":1.805087685585022,"orthographic":false}