{"cameraMode":{"drawMode":0,"name":"Shaded","section":"Shading Mode"},"sceneLighting":false,"audioPlay":false,"sceneViewState":{"showFog":true,"showMaterialUpdate":false,"showSkybox":false,"showFlares":true,"showImageEffects":true,"showParticleSystems":true},"in2DMode":false,"pivot":{"x":46.683135986328128,"y":1.201845645904541,"z":50.89653015136719},"rotation":{"x":-0.17946557700634004,"y":0.2141224443912506,"z":-0.03969140723347664,"w":-0.959603488445282},"size":8.362339973449707,"orthographic":false}