{"cameraMode":{"drawMode":0,"name":"Shaded","section":"Shading Mode"},"sceneLighting":false,"audioPlay":false,"sceneViewState":{"showFog":true,"showMaterialUpdate":false,"showSkybox":false,"showFlares":true,"showImageEffects":true,"showParticleSystems":true},"in2DMode":false,"pivot":{"x":51.54118347167969,"y":1.9401108026504517,"z":48.68648910522461},"rotation":{"x":-0.02301086112856865,"y":-0.9739193320274353,"z":0.117812879383564,"w":-0.19348880648612977},"size":0.07266688346862793,"orthographic":false}