{"cameraMode":{"drawMode":0,"name":"Shaded","section":"Shading Mode"},"sceneLighting":false,"audioPlay":false,"sceneViewState":{"showFog":true,"showMaterialUpdate":false,"showSkybox":false,"showFlares":true,"showImageEffects":true,"showParticleSystems":true},"in2DMode":false,"pivot":{"x":49.06043243408203,"y":1.3071773052215577,"z":51.4934196472168},"rotation":{"x":-0.1111975833773613,"y":-0.30612990260124209,"z":0.03661744296550751,"w":-0.9450390338897705},"size":1.9304392337799073,"orthographic":false}