{"cameraMode":{"drawMode":0,"name":"Shaded","section":"Shading Mode"},"sceneLighting":false,"audioPlay":false,"sceneViewState":{"showFog":true,"showMaterialUpdate":false,"showSkybox":false,"showFlares":true,"showImageEffects":true,"showParticleSystems":true},"in2DMode":false,"pivot":{"x":-0.0164794921875,"y":1.412384033203125,"z":-0.8587646484375},"rotation":{"x":-0.1420951634645462,"y":-0.15119147300720216,"z":0.02226782962679863,"w":-0.9781492948532105},"size":0.38036373257637026,"orthographic":false}