{"cameraMode":{"drawMode":0,"name":"Shaded","section":"Shading Mode"},"sceneLighting":false,"audioPlay":false,"sceneViewState":{"showFog":true,"showMaterialUpdate":false,"showSkybox":false,"showFlares":true,"showImageEffects":true,"showParticleSystems":true},"in2DMode":false,"pivot":{"x":0.0942831039428711,"y":1.6230134963989258,"z":-0.0026483535766601564},"rotation":{"x":-0.057417336851358417,"y":0.7313845157623291,"z":-0.061620570719242099,"w":-0.6770392656326294},"size":4.639505386352539,"orthographic":false}